{
  "results": [
    {
      "model": "thenlper/gte-large",
      "success": true,
      "embedding_time": 11.86670994758606,
      "avg_time_per_text": 0.1186670994758606,
      "embedding_dim": 1024,
      "avg_similarity": 0.8250491619110107,
      "similarity_std": 0.021321401000022888,
      "similarity_range": [
        0.759178638458252,
        0.8577010631561279
      ],
      "accuracy": 0.78,
      "f1_score": 0.8641975308641976,
      "best_threshold": 0.7893385887145996,
      "spearman_correlation": 0.36141500222653117,
      "pearson_correlation": 0.42189736956113477
    },
    {
      "model": "thenlper/gte-base",
      "success": true,
      "embedding_time": 10.04215383529663,
      "avg_time_per_text": 0.10042153835296631,
      "embedding_dim": 768,
      "avg_similarity": 0.8161356449127197,
      "similarity_std": 0.02345672808587551,
      "similarity_range": [
        0.7556365132331848,
        0.849379301071167
      ],
      "accuracy": 0.76,
      "f1_score": 0.8536585365853657,
      "best_threshold": 0.76902836561203,
      "spearman_correlation": 0.2858051691247464,
      "pearson_correlation": 0.3398808292912691
    },
    {
      "model": "sentence-transformers/all-MiniLM-L6-v2",
      "success": true,
      "embedding_time": 3.2612833976745605,
      "avg_time_per_text": 0.03261283397674561,
      "embedding_dim": 384,
      "avg_similarity": 0.3394674062728882,
      "similarity_std": 0.12688030302524567,
      "similarity_range": [
        0.046778447926044464,
        0.5445743203163147
      ],
      "accuracy": 0.8,
      "f1_score": 0.8717948717948717,
      "best_threshold": 0.11789214611053467,
      "spearman_correlation": 0.4128396014460277,
      "pearson_correlation": 0.4608325916938498
    },
    {
      "model": "BAAI/bge-base-en-v1.5",
      "success": true,
      "embedding_time": 6.153578996658325,
      "avg_time_per_text": 0.06153578996658325,
      "embedding_dim": 768,
      "avg_similarity": 0.5783829689025879,
      "similarity_std": 0.04812433943152428,
      "similarity_range": [
        0.4643125534057617,
        0.660352885723114
      ],
      "accuracy": 0.74,
      "f1_score": 0.8433734939759037,
      "best_threshold": 0.48031583428382874,
      "spearman_correlation": 0.21322484909849784,
      "pearson_correlation": 0.2654697764001005
    }
  ],
  "data_info": {
    "samples": 50,
    "avg_query_length": 59.0,
    "avg_passage_length": 790.72
  }
}